id,first_name,last_name,email,gender
1,Jess,Cartmael,jcartmael0@cam.ac.uk,Male
2,Alia,Ratazzi,aratazzi1@harvard.edu,Female
3,Zebedee,Jewett,zjewett2@infoseek.co.jp,Male
4,Talbot,Bean,tbean3@toplist.cz,Male
5,Ike,Baggelley,ibaggelley4@sfgate.com,Male
6,Joyous,Henstone,jhenstone5@posterous.com,Female
7,Mateo,Bartolijn,mbartolijn6@gnu.org,Male
8,Dorelia,Tefft,dtefft7@theguardian.com,Female
9,Cathyleen,Rushbury,crushbury8@house.gov,Female
10,Connie,Honacker,chonacker9@diigo.com,Female
11,Filbert,Charlson,fcharlsona@tinyurl.com,Male
12,Jerad,McClaughlin,jmcclaughlinb@edublogs.org,Male
13,Corenda,Caulcutt,ccaulcuttc@booking.com,Female
14,Tabor,Tutton,ttuttond@google.it,Male
15,Rickert,Dearle-Palser,rdearlepalsere@163.com,Male
16,Waly,Holmyard,wholmyardf@netvibes.com,Female
17,Odille,Trustey,otrusteyg@paginegialle.it,Female
18,Angelica,Sesser,asesserh@odnoklassniki.ru,Female
19,Harper,Brik,hbriki@dion.ne.jp,Male
20,Selene,Fairbeard,sfairbeardj@fc2.com,Female
21,Seline,Brumen,sbrumenk@deliciousdays.com,Female
22,Ansley,Garber,agarberl@drupal.org,Female
23,Glori,Franzonello,gfranzonellom@discuz.net,Female
24,Dollie,Rodolfi,drodolfin@nydailynews.com,Female
25,Anna-maria,Antonescu,aantonescuo@utexas.edu,Female
26,Eadmund,Millbank,emillbankp@geocities.com,Male
27,Demeter,Kuhle,dkuhleq@bloglines.com,Female
28,Cymbre,Lince,clincer@bloglovin.com,Female
29,Grange,Sleford,gslefords@loc.gov,Male
30,Grannie,Philo,gphilot@blogs.com,Male
31,Thibaud,Lindsey,tlindseyu@purevolume.com,Male
32,Nara,Andrick,nandrickv@aboutads.info,Female
33,Mathilda,Maynell,mmaynellw@ustream.tv,Female
34,Cazzie,Brandin,cbrandinx@drupal.org,Male
35,Grady,Bradford,gbradfordy@4shared.com,Male
36,Theobald,Flori,tfloriz@angelfire.com,Male
37,Consolata,Seer,cseer10@goo.ne.jp,Female
38,Cassie,Brooksby,cbrooksby11@xrea.com,Male
39,Mile,Boraston,mboraston12@zimbio.com,Male
40,Filberte,Andri,fandri13@skyrock.com,Male
41,Leo,Abelevitz,labelevitz14@e-recht24.de,Male
42,Fred,Hall,fhall15@sitemeter.com,Male
43,Alexine,O'Shields,aoshields16@irs.gov,Female
44,Care,Cleave,ccleave17@unc.edu,Male
45,Marris,Delwater,mdelwater18@theglobeandmail.com,Female
46,Fergus,Parrot,fparrot19@ovh.net,Male
47,Evaleen,Moutray Read,emoutrayread1a@nationalgeographic.com,Female
48,Susanne,Martinho,smartinho1b@usnews.com,Female
49,Garrett,Barus,gbarus1c@illinois.edu,Male
50,Emory,Burgett,eburgett1d@prnewswire.com,Male
51,Mariann,Comben,mcomben1e@archive.org,Female
52,Jerad,Miebes,jmiebes1f@xinhuanet.com,Male
53,Dalton,Albertson,dalbertson1g@nytimes.com,Male
54,Agnesse,Blacket,ablacket1h@4shared.com,Female
55,Blythe,Edis,bedis1i@flavors.me,Female
56,Addie,Durran,adurran1j@nps.gov,Female
57,Quincey,Domney,qdomney1k@fda.gov,Male
58,Laurena,Valentine,lvalentine1l@howstuffworks.com,Female
59,Constantia,Janeczek,cjaneczek1m@delicious.com,Female
60,Adriana,Domsalla,adomsalla1n@hao123.com,Female
61,Puff,Woodus,pwoodus1o@bloglines.com,Male
62,Minor,Daniello,mdaniello1p@rakuten.co.jp,Male
63,Maible,Tooth,mtooth1q@theguardian.com,Female
64,Farrah,Hinksen,fhinksen1r@unicef.org,Female
65,Robers,Pendle,rpendle1s@yolasite.com,Male
66,Freida,Cawt,fcawt1t@skyrock.com,Female
67,Timofei,Roughley,troughley1u@ycombinator.com,Male
68,Fabian,Easey,feasey1v@behance.net,Male
69,Giacinta,Tiernan,gtiernan1w@sakura.ne.jp,Female
70,Farlay,Wheatland,fwheatland1x@chron.com,Male
71,Lind,Hampton,lhampton1y@alexa.com,Male
72,Guthry,Harmes,gharmes1z@utexas.edu,Male
73,Fax,Wrassell,fwrassell20@dailymail.co.uk,Male
74,Bertha,Keepin,bkeepin21@4shared.com,Female
75,Leesa,Yonnie,lyonnie22@lulu.com,Female
76,Giustino,Birch,gbirch23@linkedin.com,Male
77,Rosalyn,Delacour,rdelacour24@microsoft.com,Female
78,Artemus,Le Blond,aleblond25@jugem.jp,Male
79,Papageno,Weston,pweston26@dagondesign.com,Male
80,Evelin,Denman,edenman27@cmu.edu,Male
81,Fallon,Schout,fschout28@bloomberg.com,Female
82,Ferdinande,McQuaide,fmcquaide29@disqus.com,Female
83,Torre,Tibbles,ttibbles2a@shop-pro.jp,Male
84,Bethina,Constance,bconstance2b@deviantart.com,Female
85,Sally,Vinall,svinall2c@soup.io,Female
86,Theda,Brindley,tbrindley2d@earthlink.net,Female
87,Mehetabel,Rable,mrable2e@paypal.com,Female
88,Fitz,McKeever,fmckeever2f@fc2.com,Male
89,Jourdan,Muglestone,jmuglestone2g@google.com.au,Female
90,Aline,Wong,awong2h@a8.net,Female
91,Farley,Surgood,fsurgood2i@photobucket.com,Male
92,Haroun,Rodda,hrodda2j@1688.com,Male
93,Shantee,Bamford,sbamford2k@google.it,Female
94,Gerrard,Proschek,gproschek2l@ed.gov,Male
95,Tricia,Jiroutek,tjiroutek2m@rambler.ru,Female
96,Debbi,Rutherfoord,drutherfoord2n@admin.ch,Female
97,Mercie,Skin,mskin2o@google.co.uk,Female
98,Ivett,Dempster,idempster2p@umich.edu,Female
99,Nannie,Dodding,ndodding2q@t.co,Female
100,Andrej,Fozzard,afozzard2r@apple.com,Male
101,Keen,Tumbridge,ktumbridge2s@ft.com,Male
102,Nata,McCrum,nmccrum2t@blog.com,Female
103,Gilli,Cordero,gcordero2u@nba.com,Female
104,Hailey,Silley,hsilley2v@umn.edu,Male
105,Luise,Cashell,lcashell2w@yahoo.com,Female
106,Hilly,McMylor,hmcmylor2x@bluehost.com,Male
107,Delano,Jaksic,djaksic2y@examiner.com,Male
108,Ethyl,Jotham,ejotham2z@netscape.com,Female
109,Adrianne,Joint,ajoint30@tumblr.com,Female
110,Kellsie,Bunning,kbunning31@sfgate.com,Female
111,Rene,Woolager,rwoolager32@yelp.com,Female
112,Loreen,Cauldwell,lcauldwell33@netvibes.com,Female
113,Bartram,Limb,blimb34@google.pl,Male
114,Lamont,Paige,lpaige35@free.fr,Male
115,Winne,Grigoryov,wgrigoryov36@quantcast.com,Female
116,Charlene,Malzard,cmalzard37@wired.com,Female
117,Sharlene,Rowberry,srowberry38@tumblr.com,Female
118,Beilul,Frankcomb,bfrankcomb39@com.com,Female
119,Perle,Faussett,pfaussett3a@blinklist.com,Female
120,Charleen,Silversmid,csilversmid3b@behance.net,Female
121,Payton,Parmiter,pparmiter3c@comcast.net,Male
122,Doti,Silwood,dsilwood3d@statcounter.com,Female
123,Eamon,Dorkins,edorkins3e@harvard.edu,Male
124,Orlan,Bettinson,obettinson3f@fotki.com,Male
125,Olivero,Towll,otowll3g@xinhuanet.com,Male
126,Neille,Hedin,nhedin3h@oracle.com,Female
127,Kelila,McAneny,kmcaneny3i@issuu.com,Female
128,Marney,Safe,msafe3j@is.gd,Female
129,Gennie,O'Nowlan,gonowlan3k@so-net.ne.jp,Female
130,Rochelle,Waddie,rwaddie3l@moonfruit.com,Female
131,Ronny,Limb,rlimb3m@zimbio.com,Male
132,Reinald,Bains,rbains3n@tuttocitta.it,Male
133,Dorice,Dickens,ddickens3o@edublogs.org,Female
134,Erastus,Lomansey,elomansey3p@dell.com,Male
135,Grata,Haistwell,ghaistwell3q@examiner.com,Female
136,Timmi,Langland,tlangland3r@wordpress.org,Female
137,Egbert,Coenraets,ecoenraets3s@feedburner.com,Male
138,Thorstein,Brigg,tbrigg3t@mail.ru,Male
139,Carlee,Stalf,cstalf3u@independent.co.uk,Female
140,Marge,Bissiker,mbissiker3v@rakuten.co.jp,Female
141,Lyssa,Cadagan,lcadagan3w@nifty.com,Female
142,Rob,Binding,rbinding3x@mtv.com,Male
143,Sephira,Kumaar,skumaar3y@storify.com,Female
144,Sibelle,Cossey,scossey3z@cbc.ca,Female
145,Hertha,Theunissen,htheunissen40@samsung.com,Female
146,Peter,Haggith,phaggith41@washington.edu,Male
147,Chadwick,Gisby,cgisby42@fastcompany.com,Male
148,Boniface,Kippie,bkippie43@studiopress.com,Male
149,Tuckie,Jeacocke,tjeacocke44@sitemeter.com,Male
150,Winnie,Rupp,wrupp45@wikispaces.com,Male
151,Quintina,McFfaden,qmcffaden46@istockphoto.com,Female
152,Aurora,McGurn,amcgurn47@trellian.com,Female
153,Darrin,Heggman,dheggman48@prlog.org,Male
154,Gabrielle,Willshere,gwillshere49@bloglines.com,Female
155,Ryley,Asser,rasser4a@uol.com.br,Male
156,Aluin,McGilroy,amcgilroy4b@scribd.com,Male
157,Ransom,Laverenz,rlaverenz4c@nyu.edu,Male
158,Karyn,Spires,kspires4d@scientificamerican.com,Female
159,Joelle,Gumley,jgumley4e@cam.ac.uk,Female
160,Eduard,Larmett,elarmett4f@altervista.org,Male
161,Noelle,Andriessen,nandriessen4g@scribd.com,Female
162,Nananne,Kellie,nkellie4h@mtv.com,Female
163,Johnnie,Darwen,jdarwen4i@chron.com,Male
164,Sherill,Ethridge,sethridge4j@ifeng.com,Female
165,Lelia,Bumphrey,lbumphrey4k@t.co,Female
166,Town,Middlewick,tmiddlewick4l@berkeley.edu,Male
167,Townsend,Odeson,todeson4m@kickstarter.com,Male
168,Elisabet,Wathall,ewathall4n@yellowpages.com,Female
169,Valaria,Bengall,vbengall4o@economist.com,Female
170,Starla,Readwin,sreadwin4p@typepad.com,Female
171,Page,Kinney,pkinney4q@oakley.com,Male
172,Marven,Gush,mgush4r@stumbleupon.com,Male
173,Winni,Wetherald,wwetherald4s@photobucket.com,Female
174,Emmott,Fenn,efenn4t@marketwatch.com,Male
175,Hubie,Pinckney,hpinckney4u@chronoengine.com,Male
176,Barbara,Palmar,bpalmar4v@seattletimes.com,Female
177,Jakie,Haslam,jhaslam4w@cam.ac.uk,Male
178,Royall,Tym,rtym4x@yahoo.com,Male
179,Vite,Lawland,vlawland4y@tinyurl.com,Male
180,Mikael,Harnetty,mharnetty4z@disqus.com,Male
181,Vivian,Andrus,vandrus50@issuu.com,Female
182,Bartlett,Shannon,bshannon51@sphinn.com,Male
183,Daryn,Haydock,dhaydock52@nymag.com,Female
184,Derron,Burnapp,dburnapp53@ebay.com,Male
185,Orelia,Oloshin,ooloshin54@hhs.gov,Female
186,Archaimbaud,Wormald,awormald55@dailymail.co.uk,Male
187,Jocko,Isted,jisted56@dion.ne.jp,Male
188,Thornie,Semor,tsemor57@google.ru,Male
189,Bel,Wharton,bwharton58@imdb.com,Female
190,Roch,Kilshall,rkilshall59@ox.ac.uk,Female
191,Shelton,Mowatt,smowatt5a@umich.edu,Male
192,Thorsten,Vatcher,tvatcher5b@mac.com,Male
193,Orsola,Wigginton,owigginton5c@freewebs.com,Female
194,Audi,Stapley,astapley5d@github.io,Female
195,Eugenio,Johanchon,ejohanchon5e@msn.com,Male
196,Kendall,Johanning,kjohanning5f@e-recht24.de,Male
197,Carr,Corpe,ccorpe5g@yelp.com,Male
198,Vi,Rivlin,vrivlin5h@mapquest.com,Female
199,Effie,Harhoff,eharhoff5i@google.cn,Female
200,Mano,Hoggin,mhoggin5j@linkedin.com,Male
201,Denyse,Warrell,dwarrell5k@alibaba.com,Female
202,Kial,Eskrick,keskrick5l@phoca.cz,Female
203,Karney,Cromly,kcromly5m@istockphoto.com,Male
204,Hewie,Smyley,hsmyley5n@ycombinator.com,Male
205,Kellina,McAirt,kmcairt5o@uol.com.br,Female
206,Vivia,Gadie,vgadie5p@army.mil,Female
207,Ellery,Flipsen,eflipsen5q@squarespace.com,Male
208,Galvan,Copper,gcopper5r@reference.com,Male
209,Petunia,Clevely,pclevely5s@merriam-webster.com,Female
210,Kile,Barensen,kbarensen5t@joomla.org,Male
211,Arlene,Witcomb,awitcomb5u@nydailynews.com,Female
212,Gertrud,Wreath,gwreath5v@icq.com,Female
213,Joela,LeEstut,jleestut5w@ow.ly,Female
214,Florinda,Surgood,fsurgood5x@google.com,Female
215,Jeremiah,Stanger,jstanger5y@newsvine.com,Male
216,Darlleen,Axtonne,daxtonne5z@shinystat.com,Female
217,Ilario,Van Cassel,ivancassel60@addtoany.com,Male
218,Elias,Jouandet,ejouandet61@nba.com,Male
219,Berte,Cheshire,bcheshire62@php.net,Female
220,Dale,Bodega,dbodega63@walmart.com,Male
221,Ninnette,Beals,nbeals64@addthis.com,Female
222,Aleen,McNeil,amcneil65@springer.com,Female
223,Hyacinthia,Lebrun,hlebrun66@adobe.com,Female
224,Emlen,Hainey,ehainey67@msu.edu,Male
225,Frederico,Macci,fmacci68@cocolog-nifty.com,Male
226,Bibby,Scoggin,bscoggin69@about.me,Female
227,Chicky,Blackman,cblackman6a@vimeo.com,Male
228,Jeanie,Klewer,jklewer6b@163.com,Female
229,Abran,Briance,abriance6c@surveymonkey.com,Male
230,Cordey,Kindle,ckindle6d@msn.com,Female
231,Link,Blackwell,lblackwell6e@answers.com,Male
232,Damon,Sleight,dsleight6f@symantec.com,Male
233,Harley,Dyde,hdyde6g@gravatar.com,Female
234,Edmon,Cammocke,ecammocke6h@hostgator.com,Male
235,Nelie,Bechley,nbechley6i@alexa.com,Female
236,Chip,Larmor,clarmor6j@mit.edu,Male
237,Raddy,Rainon,rrainon6k@salon.com,Male
238,Massimo,Cake,mcake6l@examiner.com,Male
239,Adan,Bende,abende6m@admin.ch,Female
240,Callie,Bowness,cbowness6n@pinterest.com,Female
241,Kameko,Sproul,ksproul6o@accuweather.com,Female
242,Linnell,Carlson,lcarlson6p@biglobe.ne.jp,Female
243,Marten,Pomfret,mpomfret6q@nbcnews.com,Male
244,Cornela,Gregr,cgregr6r@infoseek.co.jp,Female
245,Rusty,Ruste,rruste6s@bizjournals.com,Male
246,Nikola,Winthrop,nwinthrop6t@theglobeandmail.com,Male
247,Joelle,Fransinelli,jfransinelli6u@blinklist.com,Female
248,Lil,Adolthine,ladolthine6v@hhs.gov,Female
249,Perren,Bodycombe,pbodycombe6w@ihg.com,Male
250,Eben,Shilston,eshilston6x@diigo.com,Male
251,Corbie,Hayhurst,chayhurst6y@salon.com,Male
252,Jodie,Siveter,jsiveter6z@abc.net.au,Female
253,Ruby,Jensen,rjensen70@wikimedia.org,Female
254,Harper,Albrighton,halbrighton71@miibeian.gov.cn,Male
255,Cristie,Kelner,ckelner72@geocities.com,Female
256,Ailey,Givens,agivens73@geocities.com,Female
257,Aida,Geharke,ageharke74@nasa.gov,Female
258,Dalston,Mallabone,dmallabone75@unesco.org,Male
259,Tabitha,Londors,tlondors76@mtv.com,Female
260,John,Ropcke,jropcke77@360.cn,Male
261,Corrianne,Ashfull,cashfull78@github.com,Female
262,Lelah,Rebichon,lrebichon79@fc2.com,Female
263,Lynnette,Guiness,lguiness7a@opensource.org,Female
264,Fancie,Smurthwaite,fsmurthwaite7b@flickr.com,Female
265,Nell,Huchot,nhuchot7c@amazonaws.com,Female
266,Jobye,Maund,jmaund7d@clickbank.net,Female
267,Caril,Rickasse,crickasse7e@miitbeian.gov.cn,Female
268,Catlee,McFee,cmcfee7f@nyu.edu,Female
269,Mandel,Jurczik,mjurczik7g@ucoz.com,Male
270,Jacobo,Keynes,jkeynes7h@bandcamp.com,Male
271,Filbert,McCoy,fmccoy7i@vk.com,Male
272,Garold,Darque,gdarque7j@flickr.com,Male
273,Burton,Manass,bmanass7k@clickbank.net,Male
274,Berte,Petrenko,bpetrenko7l@51.la,Female
275,Averell,Patriche,apatriche7m@goo.gl,Male
276,Broddy,Hambleton,bhambleton7n@hugedomains.com,Male
277,Benedetto,Randal,brandal7o@alexa.com,Male
278,Irvine,Schoales,ischoales7p@marriott.com,Male
279,Veronika,Lemanu,vlemanu7q@lycos.com,Female
280,Geoffry,Egiloff,gegiloff7r@digg.com,Male
281,Luise,Shine,lshine7s@opera.com,Female
282,Nial,Genike,ngenike7t@usa.gov,Male
283,Kassie,Rosenstiel,krosenstiel7u@stumbleupon.com,Female
284,Gaston,Kordes,gkordes7v@elpais.com,Male
285,Bili,Swinden,bswinden7w@simplemachines.org,Female
286,Sheila,Tampling,stampling7x@mediafire.com,Female
287,Gena,Waplington,gwaplington7y@mozilla.org,Female
288,Allyson,Kores,akores7z@desdev.cn,Female
289,Iona,Doorly,idoorly80@discovery.com,Female
290,Hube,Kezourec,hkezourec81@walmart.com,Male
291,Griff,Seawell,gseawell82@ed.gov,Male
292,Jayme,Larmet,jlarmet83@rakuten.co.jp,Male
293,Glad,Gislebert,ggislebert84@google.cn,Female
294,Arny,Waddicor,awaddicor85@tripod.com,Male
295,Saunderson,Grindley,sgrindley86@merriam-webster.com,Male
296,Garey,Sheals,gsheals87@google.com.br,Male
297,Abelard,Linke,alinke88@mtv.com,Male
298,Andros,Pavlata,apavlata89@feedburner.com,Male
299,Dalli,Foottit,dfoottit8a@cargocollective.com,Male
300,Hermann,Tracey,htracey8b@marketwatch.com,Male
301,Town,Copelli,tcopelli8c@pinterest.com,Male
302,Theodore,Henden,thenden8d@pcworld.com,Male
303,Perren,Amps,pamps8e@de.vu,Male
304,Dewey,Caisley,dcaisley8f@go.com,Male
305,Corinne,O'Loughlin,coloughlin8g@simplemachines.org,Female
306,Ardisj,Guinn,aguinn8h@ucoz.com,Female
307,Sigrid,Shurville,sshurville8i@sbwire.com,Female
308,Caryl,Ebrall,cebrall8j@newyorker.com,Male
309,Adora,Blaver,ablaver8k@webs.com,Female
310,Alfie,Tawn,atawn8l@goo.gl,Male
311,Irwinn,Darbyshire,idarbyshire8m@nasa.gov,Male
312,Wallace,Ilott,wilott8n@elegantthemes.com,Male
313,Ina,Ilyas,iilyas8o@stumbleupon.com,Female
314,Pattie,Piell,ppiell8p@cyberchimps.com,Male
315,Amelina,Rudiger,arudiger8q@gmpg.org,Female
316,Codee,Donizeau,cdonizeau8r@hostgator.com,Female
317,Molli,Juszczak,mjuszczak8s@nih.gov,Female
318,Babbette,Carde,bcarde8t@php.net,Female
319,Sianna,Kellock,skellock8u@microsoft.com,Female
320,Dav,Semor,dsemor8v@weibo.com,Male
321,Flem,Purshouse,fpurshouse8w@ow.ly,Male
322,Calypso,Rosenbaum,crosenbaum8x@nps.gov,Female
323,Cassandre,Arnout,carnout8y@ifeng.com,Female
324,Belva,Ingolotti,bingolotti8z@mtv.com,Female
325,Hynda,Dracey,hdracey90@ft.com,Female
326,Cherilynn,Ley,cley91@cdc.gov,Female
327,Arabele,Borrill,aborrill92@blogger.com,Female
328,Farr,Clutheram,fclutheram93@geocities.com,Male
329,Cinda,Humbatch,chumbatch94@sina.com.cn,Female
330,Mort,O'Criane,mocriane95@abc.net.au,Male
331,Ronald,Rottger,rrottger96@cdbaby.com,Male
332,Karlie,Ley,kley97@japanpost.jp,Female
333,Blanca,Meddemmen,bmeddemmen98@opera.com,Female
334,Bobinette,Maps,bmaps99@flickr.com,Female
335,Tiffani,Dybell,tdybell9a@last.fm,Female
336,Farra,Albion,falbion9b@sohu.com,Female
337,Paton,Stivey,pstivey9c@cargocollective.com,Male
338,Mel,Trasler,mtrasler9d@mayoclinic.com,Male
339,Merwyn,Limon,mlimon9e@mayoclinic.com,Male
340,Devin,Loughlan,dloughlan9f@state.tx.us,Male
341,Ev,Jinkins,ejinkins9g@discovery.com,Male
342,Tanny,Davioud,tdavioud9h@bloglines.com,Male
343,Noak,Towe,ntowe9i@nih.gov,Male
344,Alane,Packwood,apackwood9j@usa.gov,Female
345,Blisse,Rawlin,brawlin9k@wikia.com,Female
346,Wayne,Syms,wsyms9l@time.com,Male
347,Kelly,Hubberstey,khubberstey9m@comcast.net,Male
348,Laurent,Stening,lstening9n@usgs.gov,Male
349,Odelia,Monery,omonery9o@squarespace.com,Female
350,Rosella,Shenton,rshenton9p@webmd.com,Female
351,La verne,Broggini,lbroggini9q@usa.gov,Female
352,Grange,Melross,gmelross9r@storify.com,Male
353,Star,Harcarse,sharcarse9s@sakura.ne.jp,Female
354,Marylinda,Mouser,mmouser9t@seesaa.net,Female
355,Jannel,Oxby,joxby9u@npr.org,Female
356,Garrard,Cherryman,gcherryman9v@about.com,Male
357,Parnell,Hanning,phanning9w@gmpg.org,Male
358,Brunhilda,Thomasson,bthomasson9x@wired.com,Female
359,Vivian,Dot,vdot9y@hao123.com,Female
360,Selig,Jahndel,sjahndel9z@huffingtonpost.com,Male
361,Elberta,Tomaszek,etomaszeka0@weibo.com,Female
362,Rolando,Kinlock,rkinlocka1@wix.com,Male
363,Paige,Besnard,pbesnarda2@sakura.ne.jp,Female
364,Reinaldos,Kidson,rkidsona3@is.gd,Male
365,Renato,Curgenuer,rcurgenuera4@mapy.cz,Male
366,Inger,Mohring,imohringa5@accuweather.com,Female
367,Frants,Coll,fcolla6@sakura.ne.jp,Male
368,Petronilla,Summerscales,psummerscalesa7@globo.com,Female
369,Kinsley,Suttling,ksuttlinga8@feedburner.com,Male
370,Bronny,Dackombe,bdackombea9@mediafire.com,Male
371,Charin,Buffery,cbufferyaa@slate.com,Female
372,Dina,Brimilcombe,dbrimilcombeab@abc.net.au,Female
373,Sisely,Thomsson,sthomssonac@cargocollective.com,Female
374,Merci,Canto,mcantoad@behance.net,Female
375,Hanan,Gothliff,hgothliffae@blogger.com,Male
376,Tania,Harriman,tharrimanaf@skype.com,Female
377,Blinnie,Gitting,bgittingag@psu.edu,Female
378,Moishe,Obeney,mobeneyah@umich.edu,Male
379,Tremaine,Cantillion,tcantillionai@blogspot.com,Male
380,Dev,Joska,djoskaaj@taobao.com,Male
381,Leicester,Thaim,lthaimak@yahoo.com,Male
382,Cyrill,Erasmus,cerasmusal@uiuc.edu,Male
383,Wilfrid,Roderighi,wroderighiam@imdb.com,Male
384,Toddy,Cramb,tcramban@ameblo.jp,Male
385,Charyl,Stack,cstackao@dyndns.org,Female
386,Gideon,Cuxon,gcuxonap@imdb.com,Male
387,Aloise,Asbrey,aasbreyaq@elegantthemes.com,Female
388,Darryl,Hackey,dhackeyar@google.nl,Male
389,Catharine,Dunseith,cdunseithas@usgs.gov,Female
390,Rafaelita,Ludewig,rludewigat@ox.ac.uk,Female
391,Dorelle,McGreay,dmcgreayau@godaddy.com,Female
392,Fitz,Bonnet,fbonnetav@admin.ch,Male
393,Hi,De Mico,hdemicoaw@tuttocitta.it,Male
394,Aidan,Hedworth,ahedworthax@alibaba.com,Female
395,Leola,Revington,lrevingtonay@1688.com,Female
396,Ileane,Ownsworth,iownsworthaz@angelfire.com,Female
397,Gillian,Pedrocco,gpedroccob0@washingtonpost.com,Female
398,Felicio,Kernley,fkernleyb1@reference.com,Male
399,Cris,Shimwall,cshimwallb2@dropbox.com,Male
400,Obadiah,Bentley,obentleyb3@blogspot.com,Male
